Step,MSE,RMSE,MAE,R²,Mean Error,Std Error
1,0.35033104,0.5918877,0.56004196,0.0922555923461914,0.5591253,0.19419032
2,0.3179691,0.5638875,0.5239645,0.21681678295135498,0.520551,0.21678501
3,0.2854342,0.5342604,0.48340267,0.32973992824554443,0.47817582,0.2382899
4,0.2794653,0.52864474,0.47620332,0.3755573630332947,0.46931472,0.24332887
5,0.2764002,0.52573776,0.4757966,0.4106740951538086,0.46755305,0.24040453
6,0.27866033,0.5278829,0.48266205,0.431604266166687,0.47547436,0.22931299
7,0.28588971,0.53468657,0.4934538,0.4408394694328308,0.4872398,0.22019775
8,0.2939689,0.542189,0.50235724,0.4496765732765198,0.49605876,0.21884833
