Step,MSE,RMSE,MAE,R²,Mean Error,Std Error
1,0.007032777,0.08386166,0.068908595,0.9269428253173828,0.044578,0.07103223
2,0.0046284683,0.068032846,0.051474907,0.9518709182739258,-0.015163336,0.0663215
3,0.006659782,0.08160749,0.05878888,0.9306352138519287,-0.019084329,0.07934462
4,0.0090222405,0.09498548,0.070217825,0.9058159589767456,-0.020739831,0.09269358
5,0.011536333,0.107407324,0.07815955,0.8792209625244141,-0.024761705,0.10451407
6,0.013548081,0.116396226,0.08594277,0.856953501701355,-0.025384216,0.11359455
7,0.016156903,0.12710981,0.0942006,0.829669177532196,-0.025072908,0.124612406
8,0.018930532,0.13758826,0.10323358,0.8006284236907959,-0.02874363,0.13455236
