Step,MSE,RMSE,MAE,R²,Mean Error,Std Error
1,0.0043637534,0.06605871,0.048911992,0.9949320554733276,-0.045964736,0.047444664
2,0.0030974764,0.055654977,0.03589778,0.9963608980178833,-0.023921842,0.050251585
3,0.0043868446,0.06623326,0.04771353,0.9947834610939026,-0.032402784,0.057765946
4,0.0064296983,0.0801854,0.06267841,0.9922724962234497,-0.047646426,0.06449431
5,0.009295502,0.09641318,0.07588735,0.9887033104896545,-0.06238573,0.07350866
6,0.011725923,0.1082863,0.08654807,0.9855828285217285,-0.07249581,0.08043805
7,0.01419712,0.11915167,0.094231464,0.9823507070541382,-0.0782454,0.08985977
8,0.016960248,0.13023151,0.1019881,0.9786698818206787,-0.0855021,0.09823258
