Test Set,MSE,RMSE,MAE,R²
Test Set 1,0.008377,0.091527,0.063221,0.994816
Test Set 2,0.021803,0.147659,0.096157,0.971736
Test Set 3,0.014880,0.121984,0.085252,0.981083
Average,0.015020,0.120390,0.081543,0.982545
