Step,MSE,RMSE,MAE,R²,Mean Error,Std Error
1,0.3081793,0.555139,0.52921796,0.20147520303726196,0.52921796,0.16765319
2,0.2778977,0.52716005,0.4876652,0.31551593542099,0.4876652,0.20020072
3,0.2760706,0.5254242,0.4834919,0.35172760486602783,0.4834919,0.20568463
4,0.27832308,0.52756333,0.48726815,0.37810951471328735,0.48726815,0.20221972
5,0.27901614,0.52821976,0.4878336,0.40509653091430664,0.48762253,0.20307738
6,0.2754608,0.52484363,0.48196095,0.4381304383277893,0.48131847,0.20926858
7,0.27081257,0.52039653,0.47398022,0.4703282117843628,0.47325036,0.21644087
8,0.26840588,0.51807904,0.46962032,0.4975317120552063,0.46924207,0.21958554
