Step,MSE,RMSE,MAE,R²,Mean Error,Std Error
1,0.021369932,0.14618458,0.13094443,0.7780070304870605,0.12882186,0.06910036
2,0.004549109,0.06744708,0.053001318,0.9526960849761963,0.023952952,0.0630505
3,0.005775171,0.075994544,0.057019938,0.9398488402366638,0.005857525,0.07576846
4,0.008032543,0.08962446,0.06882606,0.9161475300788879,0.007430525,0.089315906
5,0.011000608,0.10488378,0.08059311,0.8848296999931335,0.010492058,0.104357675
6,0.013995651,0.11830322,0.08942097,0.8522278666496277,0.008802509,0.11797528
7,0.018824285,0.13720162,0.09988672,0.8015488386154175,0.017708244,0.13605405
8,0.023803439,0.15428363,0.10603321,0.7493082284927368,0.030755691,0.15118706
