Step,MSE,RMSE,MAE,R²,Mean Error,Std Error
1,0.011952025,0.10932532,0.09735458,0.9861192107200623,0.08078312,0.073662154
2,0.0038486442,0.062037442,0.04882746,0.9954783916473389,0.009751664,0.061266217
3,0.0055586467,0.074556336,0.06053052,0.9933900237083435,0.02072879,0.07161679
4,0.0063727545,0.07982954,0.06415077,0.9923409819602966,0.013116303,0.07874463
5,0.007281088,0.08532929,0.067833945,0.9911513924598694,-0.0020903111,0.08530369
6,0.008894623,0.09431131,0.07327322,0.9890639781951904,-0.012975349,0.09341448
7,0.010789875,0.103874326,0.08018343,0.9865864515304565,-0.015255661,0.10274794
8,0.012973509,0.11390131,0.08874614,0.9836838245391846,-0.014181166,0.113015056
