Test Set,MSE,RMSE,MAE,R²
Test Set 1,0.007348,0.085718,0.057322,0.995468
Test Set 2,0.023322,0.152715,0.098755,0.969728
Test Set 3,0.008873,0.094198,0.066239,0.988973
Average,0.013181,0.110877,0.074105,0.984723
