Step,MSE,RMSE,MAE,R²,Mean Error,Std Error
1,0.78043157,0.8834204,0.8771575,0.09362602233886719,0.8771575,0.10500615
2,0.013276126,0.115222074,0.09759183,0.9844024777412415,0.09307784,0.06791643
3,0.0069287186,0.08323892,0.06568284,0.9917608499526978,0.049928654,0.06660216
4,0.007521322,0.086725555,0.06737543,0.9909605383872986,0.042933866,0.07535254
5,0.0123386085,0.11107929,0.08735232,0.9850050210952759,0.06961892,0.08655527
6,0.023835588,0.15438779,0.1278672,0.9706938862800598,0.12217511,0.0943866
7,0.038494598,0.1962004,0.1711728,0.952144980430603,0.17117038,0.095892124
8,0.037839714,0.19452433,0.17122528,0.9524107575416565,0.17051746,0.093613595
