Step,MSE,RMSE,MAE,R²,Mean Error,Std Error
1,0.22213931,0.47131658,0.42196232,-1.307605504989624,-0.37835833,0.2810414
2,0.019986825,0.14137477,0.11128335,0.792167067527771,-0.0826325,0.11471135
3,0.00639973,0.079998314,0.06203434,0.933343768119812,-0.029529037,0.07434895
4,0.007733349,0.08793946,0.069765545,0.9192708730697632,-0.033208255,0.08142826
5,0.011254282,0.1060862,0.08903224,0.8821738958358765,-0.05378486,0.09144108
6,0.01723569,0.13128477,0.1142773,0.8180180788040161,-0.082395494,0.102208965
7,0.021656878,0.14716277,0.12905456,0.7716867923736572,-0.077832185,0.12489607
8,0.026884856,0.16396601,0.14399114,0.716855525970459,-0.06032882,0.15246406
