Test Set,MSE,RMSE,MAE,R²
Test Set 1,0.009674,0.098355,0.066048,0.994036
Test Set 2,0.023344,0.152788,0.098410,0.970147
Test Set 3,0.018435,0.135776,0.088637,0.977718
Average,0.017151,0.128973,0.084365,0.980634
