Test Set,MSE,RMSE,MAE,R²
Test Set 1,0.007174,0.084697,0.057520,0.995584
Test Set 2,0.011803,0.108642,0.072366,0.984910
Test Set 3,0.010160,0.100798,0.069491,0.987749
Average,0.009712,0.098046,0.066459,0.989414
