Test Set,MSE,RMSE,MAE,R²
Test Set 1,0.011596,0.107687,0.069795,0.992850
Test Set 2,0.022236,0.149117,0.095646,0.971564
Test Set 3,0.019644,0.140157,0.081721,0.976257
Average,0.017825,0.132320,0.082387,0.980224
