Test Set,MSE,RMSE,MAE,R²
Test Set 1,0.010909,0.104446,0.062578,0.993284
Test Set 2,0.018026,0.134260,0.085564,0.976955
Test Set 3,0.009286,0.096365,0.066699,0.988803
Average,0.012740,0.111690,0.071614,0.986347
