Test Set,MSE,RMSE,MAE,R²
Test Set 1,0.011392,0.106732,0.068216,0.992977
Test Set 2,0.027494,0.165814,0.097200,0.964839
Test Set 3,0.012736,0.112854,0.078108,0.984607
Average,0.017207,0.128467,0.081175,0.980808
